{
    "ID" : "hardpointdatadef_bowman",
    "HardpointData" : [
        {
            "location" : "leftarm",
            "weapons" : [
			[
			"chrprfweap_bowman_leftarm_laser_eh1"
			],
			[
			"chrprfweap_bowman_leftarm_laser_eh2"
			],
			[
			"chrprfweap_bowman_leftarm_laser_eh3"
			]
			],
            "blanks" : [],
            "mountingPoints" : []
        },
        {
            "location" : "lefttorso",
			"weapons": [],
            "blanks" : [],
            "mountingPoints" : []
        },
        {
            "location" : "rightarm",
			"weapons": [],
            "blanks" : [],               
            "mountingPoints" : []
        },
        {
            "location" : "righttorso",
            "weapons" : [],
            "blanks" : [],
            "mountingPoints" : []
        },
		{
            "location" : "centertorso",
            "weapons" : [],
            "blanks" : [],
            "mountingPoints" : []
        },
		{
			"location": "head",
			"weapons": [],
			"blanks": [],
			"mountingPoints": []
		}
    ]
	
}