{
    "ID" : "hardpointdatadef_madcat",
    "HardpointData" : [
        {
            "location" : "leftarm",
            "weapons" : [
			[
			"chrPrfWeap_madcat_leftarm_flamer_eh1",	
			"chrPrfWeap_madcat_leftarm_ppc_eh1",
			"chrPrfWeap_madcat_leftarm_laser_eh1",
			"chrPrfWeap_madcat_leftarm_ac20_bh1",
			"chrPrfWeap_madcat_leftarm_mg_bh1",
			"chrPrfWeap_madcat_leftarm_gauss_bh1",
			"chrPrfWeap_madcat_leftarm_srm6_mh1"		
			],
			[
			"chrPrfWeap_madcat_leftarm_ac20_bh2",
			"chrPrfWeap_madcat_leftarm_flamer_eh2",
			"chrPrfWeap_madcat_leftarm_laser_eh2",
			"chrPrfWeap_madcat_leftarm_ppc_eh2"
			]
            ],
            "blanks" : [],
            "mountingPoints" : []
        },
        {
            "location" : "lefttorso",
            "weapons" : [
			[
			"chrPrfWeap_madcat_lefttorso_laser_eh1",
			"chrPrfWeap_madcat_lefttorso_ppc_eh1",			
			"chrPrfWeap_madcat_lefttorso_flamer_eh1",
			"chrPrfWeap_madcat_lefttorso_ac20_bh1",
			"chrPrfWeap_madcat_lefttorso_gauss_bh1",
			"chrPrfWeap_madcat_lefttorso_mg_bh1"			
			],
			[
			"chrPrfWeap_madcat_lefttorso_srm20_mh1",
			"chrPrfWeap_madcat_lefttorso_lrm15_mh1",
			"chrPrfWeap_madcat_lefttorso_srm6_mh2",
			"chrPrfWeap_madcat_lefttorso_srm4_mh2"
			],
			[
			"chrPrfWeap_madcat_lefttorso_mg_bh2",	
			"chrPrfWeap_madcat_lefttorso_srm20_mh2",
			"chrPrfWeap_madcat_lefttorso_lrm15_mh2",
			"chrPrfWeap_madcat_lefttorso_srm6_mh1",
			"chrPrfWeap_madcat_lefttorso_srm4_mh1"
			]			
			],
            "blanks" : [],
            "mountingPoints" : []
        },
        {
            "location" : "rightarm",
            "weapons" : [
			[
			"chrPrfWeap_madcat_rightarm_flamer_eh1",	
			"chrPrfWeap_madcat_rightarm_ppc_eh1",
			"chrPrfWeap_madcat_rightarm_laser_eh1",
			"chrPrfWeap_madcat_rightarm_ac20_bh1",
			"chrPrfWeap_madcat_rightarm_mg_bh1",
			"chrPrfWeap_madcat_rightarm_gauss_bh1",
			"chrPrfWeap_madcat_rightarm_srm6_mh1"			
			],
			[
			"chrPrfWeap_madcat_rightarm_ac20_bh2",
			"chrPrfWeap_madcat_rightarm_flamer_eh2",
			"chrPrfWeap_madcat_rightarm_laser_eh2",
			"chrPrfWeap_madcat_rightarm_ppc_eh2"
			]			
			],
            "blanks" : [],
            "mountingPoints" : []
        },
        {
            "location" : "righttorso",
            "weapons" : [
			[
			"chrPrfWeap_madcat_righttorso_laser_eh1",
			"chrPrfWeap_madcat_righttorso_ppc_eh1",			
			"chrPrfWeap_madcat_righttorso_flamer_eh1",
			"chrPrfWeap_madcat_righttorso_ac20_bh1",
			"chrPrfWeap_madcat_righttorso_gauss_bh1",
			"chrPrfWeap_madcat_righttorso_mg_bh1"			
			],
			[
			"chrPrfWeap_madcat_righttorso_srm20_mh1",
			"chrPrfWeap_madcat_righttorso_lrm15_mh1",
			"chrPrfWeap_madcat_righttorso_srm6_mh2",
			"chrPrfWeap_madcat_righttorso_srm4_mh2"			
			],
			[
			"chrPrfWeap_madcat_righttorso_mg_bh2",	
			"chrPrfWeap_madcat_righttorso_srm20_mh2",
			"chrPrfWeap_madcat_righttorso_lrm15_mh2",
			"chrPrfWeap_madcat_righttorso_srm6_mh1",
			"chrPrfWeap_madcat_righttorso_srm4_mh1"
			]	
			],
            "blanks" : [],
            "mountingPoints" : []
        },
        {
            "location" : "head",
            "weapons" : [
			[
			"chrPrfWeap_madcat_head_srm6_mh1",
			"chrPrfWeap_madcat_head_laser_eh1",
			"chrPrfWeap_madcat_head_mg_bh1"
			]			
            ],
            "blanks" : [],
            "mountingPoints" : []
        },		
		{
            "location" : "centertorso",
            "weapons" : [
			[
			"chrPrfWeap_madcat_centertorso_flamer_eh1",
			"chrPrfWeap_madcat_centertorso_laser_eh1",
			"chrPrfWeap_madcat_centertorso_mg_bh1",
			"chrPrfWeap_madcat_centertorso_srm6_mh1"			
			]
			],
            "blanks" : [],
            "mountingPoints" : []
        }
    ]
	
}
