{
    "ID" : "hardpointdatadef_shogun",
    "HardpointData" : [
        {
            "location" : "leftarm",
            "weapons" : [
			[
			"chrprfweap_shogun_leftarm_lrm5_mh1",
			"chrprfweap_shogun_leftarm_lrm10_mh1",
			"chrprfweap_shogun_leftarm_lrm15_mh1",
			"chrprfweap_shogun_leftarm_lrm20_mh1"
			],
			[
			"chrprfweap_shogun_leftarm_laser_eh2"
			]
			],
            "blanks" : [],
            "mountingPoints" : []
        },
        {
            "location" : "lefttorso",
            "weapons" : [
			[
			"chrprfweap_shogun_lefttorso_ppc_eh1"
			],
			[
			"chrprfweap_shogun_lefttorso_lrm5_mh3"
			],
			[
			"chrprfweap_shogun_lefttorso_srm2_mh2",
			"chrprfweap_shogun_lefttorso_srm4_mh2",
			"chrprfweap_shogun_lefttorso_srm6_mh2"
			],
			[
			"chrprfweap_shogun_lefttorso_laser_eh4"
			]
			],
            "blanks" : [],
            "mountingPoints" : []
        },
        {
            "location" : "rightarm",
            "weapons" : [
			[
			"chrprfweap_shogun_rightarm_lrm5_mh1",
			"chrprfweap_shogun_rightarm_lrm10_mh1",
			"chrprfweap_shogun_rightarm_lrm15_mh1",
			"chrprfweap_shogun_rightarm_lrm20_mh1"
			],
			[
			"chrprfweap_shogun_rightarm_laser_eh2"
			]
			],
            "blanks" : [],               
            "mountingPoints" : []
        },
        {
            "location" : "righttorso",
            "weapons" : [
			[
			"chrprfweap_shogun_righttorso_ppc_eh1"
			],
			[
			"chrprfweap_shogun_righttorso_lrm5_mh3"
			],
			[
			"chrprfweap_shogun_righttorso_srm2_mh2",
			"chrprfweap_shogun_righttorso_srm4_mh2",
			"chrprfweap_shogun_righttorso_srm6_mh2"
			],
			[
			"chrprfweap_shogun_righttorso_laser_eh4"
			]
			],
            "blanks" : [],
            "mountingPoints" : []
        },
		{
            "location" : "centertorso",
            "weapons" : [
			[
			"chrprfweap_shogun_centertorso_laser_eh1"
			]
			],
            "blanks" : [],
            "mountingPoints" : []
        },
		{
			"location": "head",
            "weapons" : [
			[
			"chrprfweap_shogun_head_laser_eh1"
			]
			],
			"blanks": [],
			"mountingPoints": []
		}
    ]
	
}