{
    "ID" : "hardpointdatadef_shayuredux",
    "HardpointData" : [
        {
            "location" : "leftarm",
            "weapons" : [
			[
			"chrprfweap_shayuredux_leftarm_ac10_bh1",
			"chrprfweap_shayuredux_leftarm_ppc_eh1",
			"chrprfweap_shayuredux_leftarm_uac5_bh1"
			],
			[
			"chrprfweap_shayuredux_leftarm_laser_eh2",
			"chrprfweap_shayuredux_leftarm_flamer_eh2"
			],
			[
			"chrprfweap_shayuredux_leftarm_laser_eh3"
			],
			[
			"chrprfweap_shayuredux_leftarm_lrm5_mh4"
			]
			],
            "blanks" : [],
            "mountingPoints" : []
        },
        {
            "location" : "lefttorso",
			"weapons": [
			[
			"chrprfweap_shayuredux_lefttorso_ac10_bh1"
			],
			[
			"chrprfweap_shayuredux_lefttorso_laser_eh2"
			],
			[
			"chrprfweap_shayuredux_lefttorso_laser_eh3"
			],
			[
			"chrprfweap_shayuredux_lefttorso_laser_eh4"
			],
			[
			"chrprfweap_shayuredux_lefttorso_ppc_eh5"
			],
			[
			"chrprfweap_shayuredux_lefttorso_srm6_mh6"
			],
			[
			"chrprfweap_shayuredux_lefttorso_lrm5_mh8"
			]				
			],
            "blanks" : [],
            "mountingPoints" : []
        },
        {
            "location" : "rightarm",
            "weapons" : [
			[
			"chrprfweap_shayuredux_rightarm_ac10_bh1",
			"chrprfweap_shayuredux_rightarm_ppc_eh1",
			"chrprfweap_shayuredux_rightarm_uac5_bh1"
			],
			[
			"chrprfweap_shayuredux_rightarm_laser_eh2"
			],
			[
			"chrprfweap_shayuredux_rightarm_laser_eh3"
			],
			[
			"chrprfweap_shayuredux_rightarm_lrm5_mh4"
			]
			],
            "blanks" : [],               
            "mountingPoints" : []
        },
        {
            "location" : "righttorso",
			"weapons": [
			[
			"chrprfweap_shayuredux_righttorso_ac10_bh1"
			],
			[
			"chrprfweap_shayuredux_righttorso_laser_eh2"
			],
			[
			"chrprfweap_shayuredux_righttorso_laser_eh3"
			],
			[
			"chrprfweap_shayuredux_righttorso_laser_eh4"
			],
			[
			"chrprfweap_shayuredux_righttorso_ppc_eh5"
			],
			[
			"chrprfweap_shayuredux_righttorso_srm6_mh6"
			],
			[
			"chrprfweap_shayuredux_righttorso_lrm5_mh8"
			]				
			],
            "blanks" : [
			
            ],
            "mountingPoints" : []
        },
		{
            "location" : "centertorso",
			"weapons": [
			[
			"chrprfweap_shayuredux_centertorso_laser_eh1"
			],
			[
			"chrprfweap_shayuredux_centertorso_laser_eh2"
			]			
			],
            "blanks" : [],
            "mountingPoints" : []
        },
		{
			"location": "head",
			"weapons": [],
			"blanks": [],
			"mountingPoints": []
		}
    ]
	
}