{
    "ID" : "hardpointdatadef_331lynx",
    "HardpointData" : [
        {
            "location" : "leftarm",
            "weapons" : [
			[
			"chrprfweap_331lynx_leftarm_laser_eh1"
			]
            ],
            "blanks" : [],
            "mountingPoints" : []
        },
        {
            "location" : "lefttorso",
            "weapons" : [
			[
			"chrprfweap_331lynx_lefttorso_laser_eh1"
			]
			],
            "blanks" : [],
            "mountingPoints" : []
        },
        {
            "location" : "rightarm",
            "weapons" : [
			[
			"chrprfweap_331lynx_rightarm_laser_eh1"
			]
			],
            "blanks" : [],
            "mountingPoints" : []
        },
        {
            "location" : "righttorso",
            "weapons" : [
			[
			"chrprfweap_331lynx_righttorso_laser_eh1"
			]
			],
            "blanks" : [],
            "mountingPoints" : []
        },
		{
            "location" : "centertorso",
            "weapons" : [],
            "blanks" : [],
            "mountingPoints" : []
        }
    ]
	
}